"","biweek","date","den.cases.str1","den.cases.str2","den.cases.str3","den.cases.str4","births"
"1",1,1986-01-01,0,0,0,0,2482
"2",2,1986-01-15,0,0,0,0,2481
"3",3,1986-01-29,0,0,0,0,2480
"4",4,1986-02-12,0,0,0,0,2479
"5",5,1986-02-26,0,0,0,0,2478
"6",6,1986-03-12,0,0,0,0,2477
"7",7,1986-03-26,0,0,0,0,2476
"8",8,1986-04-09,0,0,0,0,2475
"9",9,1986-04-23,0,0,0,0,2474
"10",10,1986-05-07,0,0,0,0,2473
"11",11,1986-05-21,0,0,0,0,2472
"12",12,1986-06-04,0,0,0,0,2471
"13",13,1986-06-18,0,0,0,0,2470
"14",14,1986-07-02,2,0,0,3,2469
"15",15,1986-07-16,2,0,0,1,2468
"16",16,1986-07-30,2,0,0,1,2467
"17",17,1986-08-13,0,1,0,2,2466
"18",18,1986-08-27,6,0,0,9,2465
"19",19,1986-09-10,12,4,0,16,2464
"20",20,1986-09-24,8,1,0,7,2463
"21",21,1986-10-08,5,7,0,14,2462
"22",22,1986-10-22,1,0,0,0,2461
"23",23,1986-11-05,0,0,0,0,2460
"24",24,1986-11-19,0,2,0,2,2459
"25",25,1986-12-03,0,1,0,1,2458
"26",26,1986-12-17,0,0,0,0,2457
"27",1,1987-01-01,2,5,0,4,2456
"28",2,1987-01-15,6,8,0,12,2455
"29",3,1987-01-29,3,3,0,6,2454
"30",4,1987-02-12,2,4,0,5,2453
"31",5,1987-02-26,0,1,0,11,2452
"32",6,1987-03-12,0,1,0,3,2451
"33",7,1987-03-26,1,3,0,4,2450
"34",8,1987-04-09,0,1,0,2,2449
"35",9,1987-04-23,0,1,0,0,2448
"36",10,1987-05-07,0,2,0,2,2447
"37",11,1987-05-21,0,1,0,3,2446
"38",12,1987-06-04,0,3,0,3,2445
"39",13,1987-06-18,1,3,0,6,2444
"40",14,1987-07-02,5,7,0,5,2443
"41",15,1987-07-16,4,7,0,6,2442
"42",16,1987-07-30,5,12,0,12,2441
"43",17,1987-08-13,4,11,0,5,2440
"44",18,1987-08-27,3,7,0,4,2439
"45",19,1987-09-10,2,5,0,0,2438
"46",20,1987-09-24,1,2,0,1,2437
"47",21,1987-10-08,1,4,0,0,2436
"48",22,1987-10-22,1,2,0,3,2435
"49",23,1987-11-05,0,3,0,1,2434
"50",24,1987-11-19,0,1,0,1,2432
"51",25,1987-12-03,0,2,0,1,2431
"52",26,1987-12-17,1,0,0,2,2430
"53",1,1988-01-01,1,3,0,2,2429
"54",2,1988-01-15,1,2,0,1,2428
"55",3,1988-01-29,0,3,0,1,2427
"56",4,1988-02-12,0,2,0,1,2426
"57",5,1988-02-26,0,1,0,3,2425
"58",6,1988-03-11,0,4,0,1,2424
"59",7,1988-03-25,2,1,0,2,2423
"60",8,1988-04-08,0,0,0,4,2422
"61",9,1988-04-22,0,1,0,1,2421
"62",10,1988-05-06,0,0,0,0,2420
"63",11,1988-05-20,1,2,0,1,2419
"64",12,1988-06-03,0,3,0,5,2418
"65",13,1988-06-17,0,2,0,0,2417
"66",14,1988-07-01,0,2,0,3,2416
"67",15,1988-07-15,1,1,0,6,2415
"68",16,1988-07-29,2,6,0,7,2414
"69",17,1988-08-12,0,7,0,12,2413
"70",18,1988-08-26,0,6,0,13,2412
"71",19,1988-09-09,1,14,0,22,2411
"72",20,1988-09-23,3,12,0,10,2410
"73",21,1988-10-07,1,30,0,13,2409
"74",22,1988-10-21,1,25,0,14,2408
"75",23,1988-11-04,3,31,0,8,2407
"76",24,1988-11-18,1,44,0,11,2406
"77",25,1988-12-02,4,20,0,9,2405
"78",26,1988-12-16,0,18,0,3,2404
"79",1,1989-01-01,0,3,0,4,2403
"80",2,1989-01-15,1,8,0,0,2402
"81",3,1989-01-29,0,6,0,1,2401
"82",4,1989-02-12,0,10,0,1,2400
"83",5,1989-02-26,0,3,0,0,2399
"84",6,1989-03-12,1,4,0,0,2398
"85",7,1989-03-26,0,0,0,2,2397
"86",8,1989-04-09,0,2,0,1,2396
"87",9,1989-04-23,0,4,0,1,2395
"88",10,1989-05-07,0,1,0,0,2394
"89",11,1989-05-21,0,1,0,1,2393
"90",12,1989-06-04,0,2,0,0,2392
"91",13,1989-06-18,0,4,0,1,2391
"92",14,1989-07-02,0,3,0,2,2390
"93",15,1989-07-16,0,3,0,0,2389
"94",16,1989-07-30,0,10,0,3,2388
"95",17,1989-08-13,0,35,0,0,2387
"96",18,1989-08-27,0,29,0,0,2386
"97",19,1989-09-10,1,18,0,1,2385
"98",20,1989-09-24,1,28,0,2,2384
"99",21,1989-10-08,0,23,0,8,2383
"100",22,1989-10-22,2,32,0,6,2382
"101",23,1989-11-05,2,38,0,4,2381
"102",24,1989-11-19,1,21,0,5,2380
"103",25,1989-12-03,0,20,0,6,2379
"104",26,1989-12-17,1,14,0,2,2378
"105",1,1990-01-01,2,9,0,3,2377
"106",2,1990-01-15,0,13,0,4,2376
"107",3,1990-01-29,1,14,0,2,2375
"108",4,1990-02-12,1,7,0,0,2374
"109",5,1990-02-26,0,5,0,1,2373
"110",6,1990-03-12,1,7,0,0,2372
"111",7,1990-03-26,0,0,0,1,2371
"112",8,1990-04-09,0,1,0,0,2370
"113",9,1990-04-23,0,0,0,0,2369
"114",10,1990-05-07,0,0,0,0,2368
"115",11,1990-05-21,0,0,0,0,2367
"116",12,1990-06-04,1,1,0,0,2366
"117",13,1990-06-18,2,1,0,0,2365
"118",14,1990-07-02,0,0,0,1,2364
"119",15,1990-07-16,0,2,0,0,2363
"120",16,1990-07-30,1,2,0,1,2362
"121",17,1990-08-13,0,5,0,3,2361
"122",18,1990-08-27,1,13,0,4,2360
"123",19,1990-09-10,0,12,0,0,2359
"124",20,1990-09-24,0,11,0,5,2358
"125",21,1990-10-08,0,10,0,3,2357
"126",22,1990-10-22,1,13,0,4,2356
"127",23,1990-11-05,0,8,0,5,2355
"128",24,1990-11-19,1,10,0,5,2354
"129",25,1990-12-03,3,9,0,9,2353
"130",26,1990-12-17,0,7,0,2,2352
"131",1,1991-01-01,0,5,0,6,2351
"132",2,1991-01-15,0,2,0,1,2350
"133",3,1991-01-29,0,5,0,2,2349
"134",4,1991-02-12,2,4,0,1,2348
"135",5,1991-02-26,1,1,0,2,2347
"136",6,1991-03-12,0,0,0,1,2346
"137",7,1991-03-26,1,5,0,2,2345
"138",8,1991-04-09,1,0,0,1,2344
"139",9,1991-04-23,0,3,0,0,2343
"140",10,1991-05-07,1,2,0,0,2342
"141",11,1991-05-21,0,5,0,1,2341
"142",12,1991-06-04,2,3,0,5,2340
"143",13,1991-06-18,4,3,0,3,2339
"144",14,1991-07-02,0,4,0,5,2338
"145",15,1991-07-16,0,0,0,0,2337
"146",16,1991-07-30,8,5,0,3,2336
"147",17,1991-08-13,9,14,0,3,2335
"148",18,1991-08-27,12,4,0,5,2334
"149",19,1991-09-10,3,8,0,4,2333
"150",20,1991-09-24,9,15,0,4,2332
"151",21,1991-10-08,10,12,0,5,2331
"152",22,1991-10-22,22,8,0,11,2330
"153",23,1991-11-05,19,13,0,14,2329
"154",24,1991-11-19,24,13,0,15,2328
"155",25,1991-12-03,8,13,0,9,2327
"156",26,1991-12-17,2,4,0,7,2326
"157",1,1992-01-01,2,3,0,7,2325
"158",2,1992-01-15,5,4,0,1,2324
"159",3,1992-01-29,0,0,0,4,2323
"160",4,1992-02-12,3,3,0,2,2322
"161",5,1992-02-26,9,4,0,2,2321
"162",6,1992-03-11,5,1,0,3,2320
"163",7,1992-03-25,4,2,0,1,2319
"164",8,1992-04-08,2,2,0,0,2318
"165",9,1992-04-22,3,0,0,2,2317
"166",10,1992-05-06,5,4,0,1,2316
"167",11,1992-05-20,6,0,0,1,2315
"168",12,1992-06-03,1,0,0,1,2314
"169",13,1992-06-17,3,0,0,5,2313
"170",14,1992-07-01,3,2,0,2,2312
"171",15,1992-07-15,5,1,0,2,2310
"172",16,1992-07-29,17,5,0,9,2309
"173",17,1992-08-12,32,5,0,12,2308
"174",18,1992-08-26,40,9,0,6,2307
"175",19,1992-09-09,31,3,0,8,2306
"176",20,1992-09-23,30,9,0,3,2305
"177",21,1992-10-07,17,3,0,3,2304
"178",22,1992-10-21,11,1,0,1,2303
"179",23,1992-11-04,17,4,0,9,2302
"180",24,1992-11-18,7,1,0,1,2301
"181",25,1992-12-02,7,0,0,2,2300
"182",26,1992-12-16,14,3,0,4,2299
"183",1,1993-01-01,10,0,0,1,2298
"184",2,1993-01-15,1,3,0,0,2297
"185",3,1993-01-29,8,4,0,0,2296
"186",4,1993-02-12,3,0,0,1,2295
"187",5,1993-02-26,4,1,0,1,2294
"188",6,1993-03-12,5,2,0,0,2293
"189",7,1993-03-26,3,0,0,0,2292
"190",8,1993-04-09,2,1,0,1,2291
"191",9,1993-04-23,2,2,0,1,2290
"192",10,1993-05-07,1,3,0,0,2289
"193",11,1993-05-21,1,1,0,1,2288
"194",12,1993-06-04,1,0,0,0,2287
"195",13,1993-06-18,7,4,0,0,2286
"196",14,1993-07-02,5,2,0,2,2285
"197",15,1993-07-16,5,5,0,2,2284
"198",16,1993-07-30,2,3,0,2,2283
"199",17,1993-08-13,3,6,0,5,2282
"200",18,1993-08-27,3,5,0,3,2281
"201",19,1993-09-10,7,3,0,3,2280
"202",20,1993-09-24,12,3,0,4,2279
"203",21,1993-10-08,14,10,0,2,2278
"204",22,1993-10-22,10,12,0,6,2277
"205",23,1993-11-05,21,15,0,13,2276
"206",24,1993-11-19,18,12,0,5,2275
"207",25,1993-12-03,9,10,0,6,2274
"208",26,1993-12-17,11,9,0,5,2273
"209",1,1994-01-01,5,9,0,0,2272
"210",2,1994-01-15,9,11,0,5,2271
"211",3,1994-01-29,7,17,0,4,2270
"212",4,1994-02-12,7,10,0,2,2269
"213",5,1994-02-26,10,9,0,3,2268
"214",6,1994-03-12,9,7,0,4,2267
"215",7,1994-03-26,0,7,0,2,2266
"216",8,1994-04-09,2,4,0,0,2265
"217",9,1994-04-23,3,5,0,1,2264
"218",10,1994-05-07,4,5,0,0,2263
"219",11,1994-05-21,5,11,0,5,2262
"220",12,1994-06-04,6,14,0,7,2261
"221",13,1994-06-18,5,28,0,12,2260
"222",14,1994-07-02,8,33,0,6,2259
"223",15,1994-07-16,6,44,0,12,2258
"224",16,1994-07-30,6,62,0,20,2257
"225",17,1994-08-13,16,42,0,10,2256
"226",18,1994-08-27,17,47,0,11,2255
"227",19,1994-09-10,5,32,0,12,2254
"228",20,1994-09-24,10,40,0,18,2253
"229",21,1994-10-08,12,62,0,21,2252
"230",22,1994-10-22,13,39,0,7,2251
"231",23,1994-11-05,8,23,0,3,2250
"232",24,1994-11-19,6,10,0,5,2249
"233",25,1994-12-03,4,26,0,18,2248
"234",26,1994-12-17,9,29,0,9,2247
"235",1,1995-01-01,3,21,0,5,2246
"236",2,1995-01-15,7,16,0,9,2245
"237",3,1995-01-29,5,6,0,5,2244
"238",4,1995-02-12,0,4,0,1,2243
"239",5,1995-02-26,0,2,0,3,2242
"240",6,1995-03-12,2,3,0,1,2241
"241",7,1995-03-26,6,1,0,4,2240
"242",8,1995-04-09,3,4,0,2,2239
"243",9,1995-04-23,0,3,0,0,2238
"244",10,1995-05-07,1,3,0,1,2237
"245",11,1995-05-21,0,2,0,1,2236
"246",12,1995-06-04,4,4,0,2,2235
"247",13,1995-06-18,2,32,0,1,2234
"248",14,1995-07-02,1,9,0,1,2233
"249",15,1995-07-16,1,5,0,2,2232
"250",16,1995-07-30,1,23,0,1,2231
"251",17,1995-08-13,0,17,0,2,2230
"252",18,1995-08-27,4,14,0,1,2229
"253",19,1995-09-10,6,11,0,5,2228
"254",20,1995-09-24,4,9,0,4,2227
"255",21,1995-10-08,4,8,0,3,2226
"256",22,1995-10-22,4,15,0,4,2225
"257",23,1995-11-05,0,2,0,5,2224
"258",24,1995-11-19,0,2,0,2,2223
"259",25,1995-12-03,0,0,0,1,2222
"260",26,1995-12-17,0,4,0,2,2221
"261",1,1996-01-01,1,4,0,3,2220
"262",2,1996-01-15,3,2,0,0,2219
"263",3,1996-01-29,2,4,0,3,2218
"264",4,1996-02-12,1,1,0,0,2217
"265",5,1996-02-26,3,5,0,2,2216
"266",6,1996-03-11,0,7,0,1,2215
"267",7,1996-03-25,0,4,0,3,2214
"268",8,1996-04-08,2,3,0,2,2213
"269",9,1996-04-22,3,1,0,0,2212
"270",10,1996-05-06,0,0,0,3,2211
"271",11,1996-05-20,1,3,0,2,2210
"272",12,1996-06-03,0,0,0,2,2209
"273",13,1996-06-17,5,5,0,2,2208
"274",14,1996-07-01,0,3,0,6,2207
"275",15,1996-07-15,4,7,0,2,2206
"276",16,1996-07-29,2,12,0,11,2205
"277",17,1996-08-12,2,13,0,2,2204
"278",18,1996-08-26,2,10,0,7,2203
"279",19,1996-09-09,4,12,0,9,2202
"280",20,1996-09-23,5,14,0,5,2201
"281",21,1996-10-07,1,7,0,4,2200
"282",22,1996-10-21,4,8,0,6,2199
"283",23,1996-11-04,6,15,0,2,2198
"284",24,1996-11-18,6,17,0,18,2197
"285",25,1996-12-02,4,20,0,14,2196
"286",26,1996-12-16,5,8,0,11,2195
"287",1,1997-01-01,3,7,0,10,2194
"288",2,1997-01-15,2,13,0,7,2193
"289",3,1997-01-29,1,7,0,2,2192
"290",4,1997-02-12,4,4,0,0,2191
"291",5,1997-02-26,2,2,0,5,2190
"292",6,1997-03-12,0,0,0,3,2188
"293",7,1997-03-26,1,1,0,1,2187
"294",8,1997-04-09,2,0,0,1,2186
"295",9,1997-04-23,0,2,0,2,2185
"296",10,1997-05-07,1,0,0,4,2184
"297",11,1997-05-21,0,0,0,0,2183
"298",12,1997-06-04,0,0,0,0,2182
"299",13,1997-06-18,1,0,0,1,2181
"300",14,1997-07-02,2,1,0,3,2180
"301",15,1997-07-16,0,2,0,2,2179
"302",16,1997-07-30,5,6,0,6,2178
"303",17,1997-08-13,3,1,0,8,2177
"304",18,1997-08-27,6,3,0,12,2176
"305",19,1997-09-10,15,10,0,11,2175
"306",20,1997-09-24,10,17,0,6,2174
"307",21,1997-10-08,11,9,0,18,2173
"308",22,1997-10-22,11,10,0,13,2172
"309",23,1997-11-05,1,4,0,3,2171
"310",24,1997-11-19,8,4,0,10,2170
"311",25,1997-12-03,7,0,0,5,2169
"312",26,1997-12-17,9,4,0,7,2168
"313",1,1998-01-01,5,4,1,7,2167
"314",2,1998-01-15,13,2,1,12,2166
"315",3,1998-01-29,13,6,0,11,2165
"316",4,1998-02-12,8,5,0,12,2164
"317",5,1998-02-26,24,5,0,14,2163
"318",6,1998-03-12,8,2,0,10,2162
"319",7,1998-03-26,11,2,0,13,2161
"320",8,1998-04-09,6,1,0,13,2160
"321",9,1998-04-23,14,4,1,13,2159
"322",10,1998-05-07,15,1,1,25,2158
"323",11,1998-05-21,13,8,2,22,2157
"324",12,1998-06-04,14,4,1,23,2156
"325",13,1998-06-18,29,5,3,22,2155
"326",14,1998-07-02,23,11,0,33,2154
"327",15,1998-07-16,29,13,1,29,2153
"328",16,1998-07-30,19,18,7,34,2152
"329",17,1998-08-13,33,6,2,41,2151
"330",18,1998-08-27,14,6,2,25,2150
"331",19,1998-09-10,2,0,2,3,2149
"332",20,1998-09-24,5,3,7,9,2148
"333",21,1998-10-08,7,6,2,9,2147
"334",22,1998-10-22,3,4,4,7,2146
"335",23,1998-11-05,5,4,4,10,2145
"336",24,1998-11-19,4,7,10,7,2144
"337",25,1998-12-03,1,7,2,3,2143
"338",26,1998-12-17,4,6,6,3,2142
"339",1,1999-01-01,6,6,21,10,2141
"340",2,1999-01-15,3,9,16,5,2140
"341",3,1999-01-29,2,2,4,3,2139
"342",4,1999-02-12,0,1,2,1,2138
"343",5,1999-02-26,1,0,3,1,2137
"344",6,1999-03-12,2,0,4,0,2136
"345",7,1999-03-26,0,0,5,1,2135
"346",8,1999-04-09,1,0,1,2,2134
"347",9,1999-04-23,0,0,4,0,2133
"348",10,1999-05-07,1,0,3,1,2132
"349",11,1999-05-21,0,0,2,2,2131
"350",12,1999-06-04,0,0,1,1,2130
"351",13,1999-06-18,1,0,1,0,2129
"352",14,1999-07-02,1,1,5,0,2128
"353",15,1999-07-16,0,1,3,0,2127
"354",16,1999-07-30,0,6,8,0,2126
"355",17,1999-08-13,2,4,10,1,2125
"356",18,1999-08-27,1,1,6,1,2124
"357",19,1999-09-10,2,11,14,1,2123
"358",20,1999-09-24,3,2,10,1,2122
"359",21,1999-10-08,1,3,7,2,2121
"360",22,1999-10-22,1,9,14,0,2120
"361",23,1999-11-05,3,2,7,0,2119
"362",24,1999-11-19,1,1,10,0,2118
"363",25,1999-12-03,2,3,5,0,2117
"364",26,1999-12-17,2,3,14,0,2116
"365",1,2000-01-01,0,0,3,0,2115
"366",2,2000-01-15,1,1,4,0,2114
"367",3,2000-01-29,1,0,3,0,2113
"368",4,2000-02-12,0,0,3,0,2112
"369",5,2000-02-26,0,0,3,0,2111
"370",6,2000-03-11,0,0,3,0,2110
"371",7,2000-03-25,0,0,0,0,2109
"372",8,2000-04-08,0,0,2,0,2108
"373",9,2000-04-22,0,0,0,0,2107
"374",10,2000-05-06,0,0,2,0,2106
"375",11,2000-05-20,0,0,2,0,2105
"376",12,2000-06-03,0,0,0,0,2104
"377",13,2000-06-17,0,0,2,0,2103
"378",14,2000-07-01,0,0,3,0,2102
"379",15,2000-07-15,0,0,1,0,2101
"380",16,2000-07-29,0,0,1,0,2100
"381",17,2000-08-12,0,2,9,0,2099
"382",18,2000-08-26,0,0,9,0,2098
"383",19,2000-09-09,0,2,7,0,2097
"384",20,2000-09-23,0,0,11,0,2096
"385",21,2000-10-07,0,0,21,0,2095
"386",22,2000-10-21,0,1,25,0,2094
"387",23,2000-11-04,0,0,42,0,2093
"388",24,2000-11-18,0,1,45,0,2092
"389",25,2000-12-02,0,1,39,0,2091
"390",26,2000-12-16,0,0,18,0,2090
"391",1,2001-01-01,0,0,23,0,2089
"392",2,2001-01-15,0,0,23,0,2088
"393",3,2001-01-29,0,1,17,0,2087
"394",4,2001-02-12,0,0,20,0,2086
"395",5,2001-02-26,0,0,12,0,2085
"396",6,2001-03-12,0,1,9,0,2084
"397",7,2001-03-26,0,0,9,0,2083
"398",8,2001-04-09,0,0,1,0,2082
"399",9,2001-04-23,0,0,2,0,2081
"400",10,2001-05-07,0,3,5,0,2080
"401",11,2001-05-21,0,1,9,0,2079
"402",12,2001-06-04,0,0,17,0,2078
"403",13,2001-06-18,0,0,13,0,2077
"404",14,2001-07-02,0,1,19,0,2076
"405",15,2001-07-16,0,0,18,0,2075
"406",16,2001-07-30,0,1,32,0,2074
"407",17,2001-08-13,0,0,39,0,2073
"408",18,2001-08-27,0,1,40,0,2072
"409",19,2001-09-10,0,1,40,0,2071
"410",20,2001-09-24,0,2,45,0,2070
"411",21,2001-10-08,0,0,29,0,2069
"412",22,2001-10-22,0,1,35,0,2067
"413",23,2001-11-05,0,0,59,0,2066
"414",24,2001-11-19,0,3,36,0,2065
"415",25,2001-12-03,0,3,38,0,2064
"416",26,2001-12-17,0,3,34,0,2063
"417",1,2002-01-01,0,2,32,0,2062
"418",2,2002-01-15,0,1,24,0,2061
"419",3,2002-01-29,0,0,17,0,2060
"420",4,2002-02-12,0,0,14,0,2059
"421",5,2002-02-26,0,0,10,0,2058
"422",6,2002-03-12,0,0,9,0,2057
"423",7,2002-03-26,0,0,3,0,2056
"424",8,2002-04-09,0,0,3,0,2055
"425",9,2002-04-23,0,0,1,0,2054
"426",10,2002-05-07,0,0,2,0,2053
"427",11,2002-05-21,0,0,5,0,2052
"428",12,2002-06-04,0,0,9,0,2051
"429",13,2002-06-18,0,0,7,0,2050
"430",14,2002-07-02,0,0,7,0,2049
"431",15,2002-07-16,0,0,17,0,2048
"432",16,2002-07-30,0,1,13,0,2047
"433",17,2002-08-13,0,0,21,0,2046
"434",18,2002-08-27,0,0,16,0,2045
"435",19,2002-09-10,0,0,18,0,2044
"436",20,2002-09-24,0,0,14,0,2043
"437",21,2002-10-08,0,0,9,0,2042
"438",22,2002-10-22,0,0,9,0,2041
"439",23,2002-11-05,0,0,8,0,2040
"440",24,2002-11-19,0,0,6,0,2039
"441",25,2002-12-03,0,0,13,0,2038
"442",26,2002-12-17,0,1,7,0,2037
"443",1,2003-01-01,0,3,6,0,2036
"444",2,2003-01-15,0,0,10,0,2035
"445",3,2003-01-29,0,1,4,0,2034
"446",4,2003-02-12,0,0,8,0,2033
"447",5,2003-02-26,0,1,5,0,2032
"448",6,2003-03-12,0,0,8,0,2031
"449",7,2003-03-26,0,1,3,0,2030
"450",8,2003-04-09,1,2,3,0,2029
"451",9,2003-04-23,0,1,5,0,2028
"452",10,2003-05-07,0,0,7,0,2027
"453",11,2003-05-21,0,0,10,0,2026
"454",12,2003-06-04,0,0,15,0,2025
"455",13,2003-06-18,0,3,7,0,2024
"456",14,2003-07-02,0,0,2,0,2023
"457",15,2003-07-16,0,0,5,0,2022
"458",16,2003-07-30,0,4,16,0,2021
"459",17,2003-08-13,0,3,30,0,2020
"460",18,2003-08-27,0,4,22,0,2019
"461",19,2003-09-10,0,8,28,0,2018
"462",20,2003-09-24,0,5,38,0,2017
"463",21,2003-10-08,0,5,31,0,2016
"464",22,2003-10-22,0,9,27,0,2015
"465",23,2003-11-05,0,2,9,0,2014
"466",24,2003-11-19,0,0,10,0,2013
"467",25,2003-12-03,0,3,11,0,2012
"468",26,2003-12-17,0,3,10,0,2011
"469",1,2004-01-01,0,4,9,0,2010
"470",2,2004-01-15,0,4,11,0,2009
"471",3,2004-01-29,0,3,11,0,2008
"472",4,2004-02-12,0,3,9,0,2007
"473",5,2004-02-26,0,3,7,0,2006
"474",6,2004-03-11,0,2,2,0,2005
"475",7,2004-03-25,0,3,3,0,2004
"476",8,2004-04-08,0,1,2,0,2003
"477",9,2004-04-22,0,5,4,0,2002
"478",10,2004-05-06,0,4,2,0,2001
"479",11,2004-05-20,0,2,5,0,2000
"480",12,2004-06-03,0,2,1,0,1999
"481",13,2004-06-17,0,5,5,0,1998
"482",14,2004-07-01,0,3,4,0,1997
"483",15,2004-07-15,0,4,2,0,1996
"484",16,2004-07-29,0,11,2,0,1995
"485",17,2004-08-12,0,10,4,0,1994
"486",18,2004-08-26,0,9,4,0,1993
"487",19,2004-09-09,0,8,3,0,1992
"488",20,2004-09-23,0,10,5,0,1991
"489",21,2004-10-07,0,18,7,1,1990
"490",22,2004-10-21,0,15,6,0,1989
"491",23,2004-11-04,0,11,4,0,1988
"492",24,2004-11-18,0,8,0,0,1987
"493",25,2004-12-02,0,6,1,0,1986
"494",26,2004-12-16,0,7,3,0,1985
"495",1,2005-01-01,0,9,2,0,1984
"496",2,2005-01-15,0,5,3,0,1983
"497",3,2005-01-29,0,6,0,0,1982
"498",4,2005-02-12,0,5,1,0,1981
"499",5,2005-02-26,0,4,0,0,1980
"500",6,2005-03-12,0,3,1,0,1979
"501",7,2005-03-26,0,3,0,0,1978
"502",8,2005-04-09,0,4,0,0,1977
"503",9,2005-04-23,0,2,0,0,1976
"504",10,2005-05-07,0,4,0,0,1975
"505",11,2005-05-21,0,3,0,0,1974
"506",12,2005-06-04,0,6,1,0,1973
"507",13,2005-06-18,0,18,1,0,1972
"508",14,2005-07-02,0,14,3,0,1971
"509",15,2005-07-16,0,9,1,0,1970
"510",16,2005-07-30,0,43,9,0,1969
"511",17,2005-08-13,0,37,9,0,1968
"512",18,2005-08-27,0,61,11,0,1967
"513",19,2005-09-10,0,84,30,0,1966
"514",20,2005-09-24,0,53,17,0,1965
"515",21,2005-10-08,0,34,16,0,1964
"516",22,2005-10-22,0,33,19,1,1963
"517",23,2005-11-05,0,26,8,0,1962
"518",24,2005-11-19,0,18,6,0,1961
"519",25,2005-12-03,0,20,2,0,1960
"520",26,2005-12-17,0,15,4,0,1959
"521",1,2006-01-01,0,10,1,0,1958
"522",2,2006-01-15,0,25,3,0,1957
"523",3,2006-01-29,0,8,2,0,1956
"524",4,2006-02-12,0,7,2,0,1955
"525",5,2006-02-26,0,8,2,0,1954
"526",6,2006-03-12,0,0,0,0,1953
"527",7,2006-03-26,0,4,1,0,1952
"528",8,2006-04-09,0,1,1,0,1951
"529",9,2006-04-23,0,5,1,0,1950
"530",10,2006-05-07,0,4,0,0,1949
"531",11,2006-05-21,0,4,2,0,1948
"532",12,2006-06-04,0,2,0,0,1947
"533",13,2006-06-18,0,5,3,0,1945
"534",14,2006-07-02,0,5,0,0,1944
"535",15,2006-07-16,0,12,4,0,1943
"536",16,2006-07-30,0,13,3,0,1942
"537",17,2006-08-13,0,10,4,0,1941
"538",18,2006-08-27,0,22,6,1,1940
"539",19,2006-09-10,0,15,11,0,1939
"540",20,2006-09-24,0,27,9,0,1938
"541",21,2006-10-08,0,15,7,0,1937
"542",22,2006-10-22,1,10,8,0,1936
"543",23,2006-11-05,0,11,10,1,1935
"544",24,2006-11-19,0,18,7,0,1934
"545",25,2006-12-03,0,6,9,0,1933
"546",26,2006-12-17,0,7,10,1,1932
"547",1,2007-01-01,0,3,9,0,1931
"548",2,2007-01-15,0,11,7,1,1930
"549",3,2007-01-29,0,12,10,0,1929
"550",4,2007-02-12,0,11,12,0,1928
"551",5,2007-02-26,0,8,16,0,1927
"552",6,2007-03-12,0,12,5,0,1926
"553",7,2007-03-26,0,3,8,0,1925
"554",8,2007-04-09,0,3,5,0,1924
"555",9,2007-04-23,0,6,1,0,1923
"556",10,2007-05-07,0,5,9,0,1922
"557",11,2007-05-21,0,1,20,0,1921
"558",12,2007-06-04,0,11,20,0,1920
"559",13,2007-06-18,0,12,23,1,1919
"560",14,2007-07-02,3,25,33,1,1918
"561",15,2007-07-16,7,32,63,0,1917
"562",16,2007-07-30,2,49,98,0,1916
"563",17,2007-08-13,17,79,108,5,1915
"564",18,2007-08-27,13,67,155,6,1914
"565",19,2007-09-10,23,79,202,1,1913
"566",20,2007-09-24,22,115,220,4,1912
"567",21,2007-10-08,20,87,169,0,1911
"568",22,2007-10-22,12,27,46,3,1910
"569",23,2007-11-05,4,8,51,0,1909
"570",24,2007-11-19,5,3,26,0,1908
"571",25,2007-12-03,1,5,9,0,1907
"572",26,2007-12-17,3,3,9,2,1906
"573",1,2008-01-01,1,4,11,0,1905
"574",2,2008-01-15,3,2,16,0,1904
"575",3,2008-01-29,2,0,2,0,1903
"576",4,2008-02-12,2,0,2,0,1902
"577",5,2008-02-26,2,0,2,0,1901
"578",6,2008-03-11,1,0,3,0,1900
"579",7,2008-03-25,0,1,1,0,1899
"580",8,2008-04-08,0,2,2,0,1898
"581",9,2008-04-22,2,0,2,0,1897
"582",10,2008-05-06,1,0,0,0,1896
"583",11,2008-05-20,2,0,0,0,1895
"584",12,2008-06-03,0,1,2,0,1894
"585",13,2008-06-17,0,0,2,0,1893
"586",14,2008-07-01,2,0,2,0,1892
"587",15,2008-07-15,5,0,1,0,1891
"588",16,2008-07-29,4,1,4,0,1890
"589",17,2008-08-12,4,3,0,1,1889
"590",18,2008-08-26,4,0,3,0,1888
"591",19,2008-09-09,5,1,6,0,1887
"592",20,2008-09-23,7,5,4,0,1886
"593",21,2008-10-07,28,18,3,0,1885
"594",22,2008-10-21,20,19,6,2,1884
"595",23,2008-11-04,30,14,6,1,1883
"596",24,2008-11-18,45,10,4,0,1882
"597",25,2008-12-02,28,13,3,1,1881
"598",26,2008-12-16,34,10,2,0,1880
"599",1,2009-01-01,28,6,2,0,1879
"600",2,2009-01-15,41,7,1,0,1878
"601",3,2009-01-29,50,8,1,0,1877
"602",4,2009-02-12,49,9,0,1,1876
"603",5,2009-02-26,35,1,0,0,1875
"604",6,2009-03-12,28,4,0,0,1874
"605",7,2009-03-26,17,2,0,1,1873
"606",8,2009-04-09,24,1,0,1,1872
"607",9,2009-04-23,22,3,0,1,1871
"608",10,2009-05-07,15,1,0,0,1870
"609",11,2009-05-21,12,5,0,1,1869
"610",12,2009-06-04,13,7,0,1,1868
"611",13,2009-06-18,28,8,0,1,1867
"612",14,2009-07-02,19,7,1,2,1866
"613",15,2009-07-16,25,12,0,9,1865
"614",16,2009-07-30,35,33,0,8,1864
"615",17,2009-08-13,64,31,0,16,1863
"616",18,2009-08-27,75,18,0,15,1862
"617",19,2009-09-10,71,22,0,14,1861
"618",20,2009-09-24,58,26,0,18,1860
"619",21,2009-10-08,75,19,0,11,1859
"620",22,2009-10-22,78,23,1,16,1858
"621",23,2009-11-05,100,16,0,13,1857
"622",24,2009-11-19,124,27,1,15,1856
"623",25,2009-12-03,89,5,0,7,1855
"624",26,2009-12-17,86,19,0,22,1854
"625",1,2010-01-01,97,9,0,13,1853
"626",2,2010-01-15,86,9,0,10,1852
"627",3,2010-01-29,67,11,0,12,1851
"628",4,2010-02-12,106,13,0,21,1850
"629",5,2010-02-26,83,9,0,24,1849
"630",6,2010-03-12,112,11,0,24,1848
"631",7,2010-03-26,88,11,0,22,1847
"632",8,2010-04-09,73,3,1,17,1846
"633",9,2010-04-23,74,8,0,30,1845
"634",10,2010-05-07,104,9,0,29,1844
"635",11,2010-05-21,131,18,0,31,1843
"636",12,2010-06-04,263,24,1,66,1842
"637",13,2010-06-18,270,39,0,67,1841
"638",14,2010-07-02,361,47,0,121,1840
"639",15,2010-07-16,428,76,0,147,1839
"640",16,2010-07-30,400,53,0,198,1838
"641",17,2010-08-13,447,39,0,188,1837
"642",18,2010-08-27,353,35,0,155,1836
"643",19,2010-09-10,352,26,0,160,1835
"644",20,2010-09-24,251,24,0,108,1834
"645",21,2010-10-08,164,20,0,75,1833
"646",22,2010-10-22,161,17,0,73,1832
"647",23,2010-11-05,78,9,0,45,1831
"648",24,2010-11-19,55,4,0,37,1830
"649",25,2010-12-03,45,3,0,27,1829
"650",26,2010-12-17,39,1,0,15,1828
